IP Address,Login Source,Login Date & Time
108.62.106.23,Mobile,"Nov 5, 2020, 8:02:13 PM"
99.71.174.37,Web,"Jan 21, 2021, 5:23:03 PM"
73.143.190.71,Web,"Apr 1, 2021, 9:44:16 PM"
67.186.135.123,Web,"Apr 7, 2021, 3:12:45 PM"
67.186.135.123,Web,"Apr 12, 2021, 1:51:53 PM"
67.186.135.123,Web,"Apr 14, 2021, 9:54:37 PM"
67.186.135.123,Web,"Apr 21, 2021, 4:49:33 PM"
67.186.135.123,Web,"Apr 26, 2021, 4:04:18 PM"
108.203.59.14,Web,"May 13, 2021, 3:23:14 PM"
67.186.135.123,Web,"Jun 2, 2021, 5:20:59 PM"
67.186.135.123,Web,"Jun 28, 2021, 12:38:36 AM"
67.186.135.123,Web,"Jul 2, 2021, 1:19:21 AM"
67.186.135.123,Web,"Jul 8, 2021, 1:47:58 PM"
67.186.135.123,Web,"Jul 14, 2021, 1:27:06 AM"
67.186.135.123,Web,"Jul 23, 2021, 10:49:53 AM"
67.186.135.123,Web,"Jul 27, 2021, 3:33:14 PM"
73.69.54.38,Web,"Aug 4, 2021, 1:22:46 PM"
73.69.54.38,Web,"Aug 18, 2021, 2:00:37 PM"
66.31.47.171,Web,"Sep 2, 2021, 8:46:24 PM"
73.61.15.82,Web,"Oct 29, 2021, 9:03:05 PM"
66.31.47.171,Web,"Nov 12, 2021, 1:19:26 AM"
